{"cameraMode":{"drawMode":0,"name":"Shaded","section":"Shading Mode"},"sceneLighting":true,"audioPlay":false,"sceneViewState":{"m_AlwaysRefresh":false,"showFog":true,"showSkybox":true,"showFlares":true,"showImageEffects":true,"showParticleSystems":true,"showVisualEffectGraphs":true,"m_FxEnabled":true},"in2DMode":false,"pivot":{"x":1.1828439235687256,"y":-4.864121437072754,"z":20.51924705505371},"rotation":{"x":0.1665264219045639,"y":0.032532475888729098,"z":-0.00549743790179491,"w":0.9854862689971924},"size":17.65328598022461,"orthographic":false}